title,start,end,intro,locality,ageStart,ageEnd,overnight,price,url,close,group,seq,categories,source
標題,開始日期,結束日期,簡介,活動地點,年級以上,年級以下,過夜,費用,連結,額滿,系列課程,梯次,類別,資訊來源
,格式: YYYY-MM-DD,格式: YYYY-MM-DD,幾句話以內,,暑假後幾年級,暑假後幾年級,"Y=有, N=無",,,,,數字,可多選,
池南｜趣，森活,2025-07-30,2025-08-02,野炊x立槳體驗x夜間觀察x童玩遊戲 (暑假後4-7年級),,4,7,Y,,https://reurl.cc/NYqyvQ,,自然教育中心 聯合暑期營隊,,戶外,https://www.facebook.com/ChihnanNatureCenter/posts/pfbid037qmgZFNGS2oxJfkvZABsSmeP3tinAFN1Bt5y87Tb5vZX4oeHDk9sfWsYwoXyeTuGl
八仙山｜野獸與牠們的產地,2025-07-14,2025-07-17,動物生態x卡牌任務x森林探險 (暑假後5-9年級),,5,9,Y,,https://forms.gle/HGtQxGvWAAJzSzpy6,,自然教育中心 聯合暑期營隊,,"戶外, 生物",https://www.facebook.com/ChihnanNatureCenter/posts/pfbid037qmgZFNGS2oxJfkvZABsSmeP3tinAFN1Bt5y87Tb5vZX4oeHDk9sfWsYwoXyeTuGl
雙流｜叢林探險隊 (梯次一),2025-07-09,2025-07-11,發現獸徑x溪流調查x公民科學家 (暑假後4-8年級),,4,8,Y,,https://forms.gle/a8ah5bs5xc3MLH7Q6,,自然教育中心 聯合暑期營隊,,戶外,https://www.facebook.com/ChihnanNatureCenter/posts/pfbid037qmgZFNGS2oxJfkvZABsSmeP3tinAFN1Bt5y87Tb5vZX4oeHDk9sfWsYwoXyeTuGl
雙流｜叢林探險隊 (梯次二),2025-07-23,2025-07-25,發現獸徑x溪流調查x公民科學家 (暑假後4-8年級),,4,8,Y,,https://forms.gle/a8ah5bs5xc3MLH7Q6,,自然教育中心 聯合暑期營隊,,戶外,https://www.facebook.com/ChihnanNatureCenter/posts/pfbid037qmgZFNGS2oxJfkvZABsSmeP3tinAFN1Bt5y87Tb5vZX4oeHDk9sfWsYwoXyeTuGl
奧萬大｜昆蟲科學探究營,2025-08-04,2025-08-06,昆蟲採集x問題解決x學習歷程 (國高中),,7,12,Y,,https://is.gd/S9X8Rh,,自然教育中心 聯合暑期營隊,,"戶外, 生物",https://www.facebook.com/ChihnanNatureCenter/posts/pfbid037qmgZFNGS2oxJfkvZABsSmeP3tinAFN1Bt5y87Tb5vZX4oeHDk9sfWsYwoXyeTuGl
東眼山｜台日營隊 冒險少年營 (前半),2025-07-12,2025-07-13,跨國文化x獨立成長x戶外冒險 (暑假後6-9年級),,6,9,Y,,https://tinyurl.com/2xhekxa2,,自然教育中心 聯合暑期營隊,,戶外,https://www.facebook.com/ChihnanNatureCenter/posts/pfbid037qmgZFNGS2oxJfkvZABsSmeP3tinAFN1Bt5y87Tb5vZX4oeHDk9sfWsYwoXyeTuGl
東眼山｜台日營隊 冒險少年營 (後半),2025-08-05,2025-08-11,跨國文化x獨立成長x戶外冒險 (暑假後6-9年級),,6,9,Y,,https://tinyurl.com/2xhekxa2,,自然教育中心 聯合暑期營隊,,戶外,https://www.facebook.com/ChihnanNatureCenter/posts/pfbid037qmgZFNGS2oxJfkvZABsSmeP3tinAFN1Bt5y87Tb5vZX4oeHDk9sfWsYwoXyeTuGl
知本｜心林奇遇藝術派對,2025-07-18,2025-07-20,自然療癒x藝術體驗x身心對話（成人限定）,,99,99,Y,,https://reurl.cc/NYG90k,,自然教育中心 聯合暑期營隊,,戶外,https://www.facebook.com/ChihnanNatureCenter/posts/pfbid037qmgZFNGS2oxJfkvZABsSmeP3tinAFN1Bt5y87Tb5vZX4oeHDk9sfWsYwoXyeTuGl
羅東｜林場小學堂 森林野趣週／科學週,2025-07-28,2025-08-24,無痕山林x野地露營x科學實驗x不過夜 (國小),,1,6,N,,,,自然教育中心 聯合暑期營隊,,"戶外, 科學",https://tam.gov.taipei/News_Content.aspx?n=794B17A953424610&sms=9D72E82EC16F3E64&s=5EBB7812993E7A19
從山林到海洋-小小博物學家夏令營,2025-07-17,2025-07-18,從海濱生態的認識、植物的觀察與紀錄，到認識廚房裡的海洋科學、搭乘潮境方舟1號出海、參觀潮境智能海洋館、體驗最新的「小小塑膠大大危機」教案。讓孩子從山林到海洋，親身體驗海科館園區所擁有的豐富山海資源，進一步接近自然、認識自然。,海科館園區,3,6,N,,https://nmmst.fonticket.com/ticket/jQrK0VaMg8RkLE7o,,小小博物學家夏令營,,"科學, 生物",
台大自然保育營,2025-08-22,2025-08-25,在這個為期四天三夜的自然保育營，我們將走進梅峰與合歡山，一起用眼睛觀察、用耳朵聆聽、用心體會自然的脈動。,梅峰 & 合歡山,10,12,Y,,https://docs.google.com/forms/d/e/1FAIpQLScSpZ71RwubFKHipjtaxVpzE5PqeqtKWtLcgWlLmCs62M6ouA/viewform,,,,"生物, 科學, 美學",https://www.facebook.com/permalink.php?story_fbid=pfbid08a9U2L19WAHg1FWMU1avEaRfL75TjGZbPFERr85gpFE9CAxvpEppzvp3P4GMDZUul&id=61575793568568
國小一、二年級天文營,2025-07-05,2025-07-05,天文課程講授、動手做、立體劇場、宇宙劇場、搭乘宇宙探險車、展示場及特展參觀。,臺北市立天文科學教育館,1,2,N,,tam.gov.taipei,,暑假天文營隊,1,科學,https://tam.gov.taipei/News_Content.aspx?n=794B17A953424610&sms=9D72E82EC16F3E64&s=5EBB7812993E7A19
國小一、二年級天文營,2025-07-06,2025-07-06,天文課程講授、動手做、立體劇場、宇宙劇場、搭乘宇宙探險車、展示場及特展參觀。,臺北市立天文科學教育館,1,2,N,,tam.gov.taipei,,暑假天文營隊,2,科學,https://tam.gov.taipei/News_Content.aspx?n=794B17A953424610&sms=9D72E82EC16F3E64&s=5EBB7812993E7A20
國小一、二年級天文營,2025-07-11,2025-07-11,天文課程講授、動手做、立體劇場、宇宙劇場、搭乘宇宙探險車、展示場及特展參觀。,臺北市立天文科學教育館,1,2,N,,tam.gov.taipei,,暑假天文營隊,3,科學,https://tam.gov.taipei/News_Content.aspx?n=794B17A953424610&sms=9D72E82EC16F3E64&s=5EBB7812993E7A21
國小一、二年級天文營,2025-07-19,2025-07-19,天文課程講授、動手做、立體劇場、宇宙劇場、搭乘宇宙探險車、展示場及特展參觀。,臺北市立天文科學教育館,1,2,N,,tam.gov.taipei,,暑假天文營隊,4,科學,https://tam.gov.taipei/News_Content.aspx?n=794B17A953424610&sms=9D72E82EC16F3E64&s=5EBB7812993E7A22
國小一、二年級天文營,2025-07-20,2025-07-20,天文課程講授、動手做、立體劇場、宇宙劇場、搭乘宇宙探險車、展示場及特展參觀。,臺北市立天文科學教育館,1,2,N,,tam.gov.taipei,,暑假天文營隊,5,科學,https://tam.gov.taipei/News_Content.aspx?n=794B17A953424610&sms=9D72E82EC16F3E64&s=5EBB7812993E7A23
國小一、二年級天文營,2025-07-25,2025-07-25,天文課程講授、動手做、立體劇場、宇宙劇場、搭乘宇宙探險車、展示場及特展參觀。,臺北市立天文科學教育館,1,2,N,,tam.gov.taipei,,暑假天文營隊,6,科學,https://tam.gov.taipei/News_Content.aspx?n=794B17A953424610&sms=9D72E82EC16F3E64&s=5EBB7812993E7A24
國小一、二年級天文營,2025-07-31,2025-07-31,天文課程講授、動手做、立體劇場、宇宙劇場、搭乘宇宙探險車、展示場及特展參觀。,臺北市立天文科學教育館,1,2,N,,tam.gov.taipei,,暑假天文營隊,7,科學,https://tam.gov.taipei/News_Content.aspx?n=794B17A953424610&sms=9D72E82EC16F3E64&s=5EBB7812993E7A25
國小一、二年級天文營,2025-08-01,2025-08-01,天文課程講授、動手做、立體劇場、宇宙劇場、搭乘宇宙探險車、展示場及特展參觀。,臺北市立天文科學教育館,1,2,N,,tam.gov.taipei,,暑假天文營隊,8,科學,https://tam.gov.taipei/News_Content.aspx?n=794B17A953424610&sms=9D72E82EC16F3E64&s=5EBB7812993E7A26
國小一、二年級天文營,2025-08-09,2025-08-09,天文課程講授、動手做、立體劇場、宇宙劇場、搭乘宇宙探險車、展示場及特展參觀。,臺北市立天文科學教育館,1,2,N,,tam.gov.taipei,,暑假天文營隊,9,科學,https://tam.gov.taipei/News_Content.aspx?n=794B17A953424610&sms=9D72E82EC16F3E64&s=5EBB7812993E7A27
國小一、二年級天文營,2025-08-10,2025-08-10,天文課程講授、動手做、立體劇場、宇宙劇場、搭乘宇宙探險車、展示場及特展參觀。,臺北市立天文科學教育館,1,2,N,,tam.gov.taipei,,暑假天文營隊,10,科學,https://tam.gov.taipei/News_Content.aspx?n=794B17A953424610&sms=9D72E82EC16F3E64&s=5EBB7812993E7A28
國小三、四年級天文營,2025-07-03,2025-07-04,天文課程講授、動手做、立體劇場、宇宙劇場、展示場及特展導覽、搭乘宇宙探險車。,臺北市立天文科學教育館,3,4,N,,tam.gov.taipei,,暑假天文營隊,1,科學,https://tam.gov.taipei/News_Content.aspx?n=794B17A953424610&sms=9D72E82EC16F3E64&s=5EBB7812993E7A29
國小三、四年級天文營,2025-07-08,2025-07-09,天文課程講授、動手做、立體劇場、宇宙劇場、展示場及特展導覽、搭乘宇宙探險車。,臺北市立天文科學教育館,3,4,N,,tam.gov.taipei,,暑假天文營隊,2,科學,https://tam.gov.taipei/News_Content.aspx?n=794B17A953424610&sms=9D72E82EC16F3E64&s=5EBB7812993E7A30
國小三、四年級天文營,2025-07-12,2025-07-13,天文課程講授、動手做、立體劇場、宇宙劇場、展示場及特展導覽、搭乘宇宙探險車。,臺北市立天文科學教育館,3,4,N,,tam.gov.taipei,,暑假天文營隊,3,科學,https://tam.gov.taipei/News_Content.aspx?n=794B17A953424610&sms=9D72E82EC16F3E64&s=5EBB7812993E7A31
國小三、四年級天文營,2025-07-17,2025-07-18,天文課程講授、動手做、立體劇場、宇宙劇場、展示場及特展導覽、搭乘宇宙探險車。,臺北市立天文科學教育館,3,4,N,,tam.gov.taipei,,暑假天文營隊,4,科學,https://tam.gov.taipei/News_Content.aspx?n=794B17A953424610&sms=9D72E82EC16F3E64&s=5EBB7812993E7A32
國小三、四年級天文營,2025-07-22,2025-07-23,天文課程講授、動手做、立體劇場、宇宙劇場、展示場及特展導覽、搭乘宇宙探險車。,臺北市立天文科學教育館,3,4,N,,tam.gov.taipei,,暑假天文營隊,5,科學,https://tam.gov.taipei/News_Content.aspx?n=794B17A953424610&sms=9D72E82EC16F3E64&s=5EBB7812993E7A33
國小三、四年級天文營,2025-07-26,2025-07-27,天文課程講授、動手做、立體劇場、宇宙劇場、展示場及特展導覽、搭乘宇宙探險車。,臺北市立天文科學教育館,3,4,N,,tam.gov.taipei,,暑假天文營隊,6,科學,https://tam.gov.taipei/News_Content.aspx?n=794B17A953424610&sms=9D72E82EC16F3E64&s=5EBB7812993E7A34
國小三、四年級天文營,2025-07-29,2025-07-30,天文課程講授、動手做、立體劇場、宇宙劇場、展示場及特展導覽、搭乘宇宙探險車。,臺北市立天文科學教育館,3,4,N,,tam.gov.taipei,,暑假天文營隊,7,科學,https://tam.gov.taipei/News_Content.aspx?n=794B17A953424610&sms=9D72E82EC16F3E64&s=5EBB7812993E7A35
國小三、四年級天文營,2025-08-02,2025-08-03,天文課程講授、動手做、立體劇場、宇宙劇場、展示場及特展導覽、搭乘宇宙探險車。,臺北市立天文科學教育館,3,4,N,,tam.gov.taipei,,暑假天文營隊,8,科學,https://tam.gov.taipei/News_Content.aspx?n=794B17A953424610&sms=9D72E82EC16F3E64&s=5EBB7812993E7A36
國小三、四年級天文營,2025-08-05,2025-08-06,天文課程講授、動手做、立體劇場、宇宙劇場、展示場及特展導覽、搭乘宇宙探險車。,臺北市立天文科學教育館,3,4,N,,tam.gov.taipei,,暑假天文營隊,9,科學,https://tam.gov.taipei/News_Content.aspx?n=794B17A953424610&sms=9D72E82EC16F3E64&s=5EBB7812993E7A37
國小三、四年級天文營,2025-08-07,2025-08-08,天文課程講授、動手做、立體劇場、宇宙劇場、展示場及特展導覽、搭乘宇宙探險車。,臺北市立天文科學教育館,3,4,N,,tam.gov.taipei,,暑假天文營隊,10,科學,https://tam.gov.taipei/News_Content.aspx?n=794B17A953424610&sms=9D72E82EC16F3E64&s=5EBB7812993E7A38
少年天文營--探訪月球,2025-07-01,2025-07-03,天文課程講授、動手做、宇宙劇場、立體劇場、展示場探秘、搭乘宇宙探險車、夜間觀星、陽明山國家公園踏青。,臺北市立天文科學教育館、陽明山國家公園,5,9,N,,tam.gov.taipei,,暑假天文營隊,1,科學,https://tam.gov.taipei/News_Content.aspx?n=794B17A953424610&sms=9D72E82EC16F3E64&s=5EBB7812993E7A39
少年天文營--探訪月球,2025-07-07,2025-07-09,天文課程講授、動手做、宇宙劇場、立體劇場、展示場探秘、搭乘宇宙探險車、夜間觀星、陽明山國家公園踏青。,臺北市立天文科學教育館、陽明山國家公園,5,9,N,,tam.gov.taipei,,暑假天文營隊,2,科學,https://tam.gov.taipei/News_Content.aspx?n=794B17A953424610&sms=9D72E82EC16F3E64&s=5EBB7812993E7A40
少年天文營--探訪月球,2025-07-10,2025-07-12,天文課程講授、動手做、宇宙劇場、立體劇場、展示場探秘、搭乘宇宙探險車、夜間觀星、陽明山國家公園踏青。,臺北市立天文科學教育館、陽明山國家公園,5,9,N,,tam.gov.taipei,,暑假天文營隊,3,科學,https://tam.gov.taipei/News_Content.aspx?n=794B17A953424610&sms=9D72E82EC16F3E64&s=5EBB7812993E7A41
少年天文營--探訪月球,2025-07-22,2025-07-24,天文課程講授、動手做、宇宙劇場、立體劇場、展示場探秘、搭乘宇宙探險車、夜間觀星、陽明山國家公園踏青。,臺北市立天文科學教育館、陽明山國家公園,5,9,N,,tam.gov.taipei,,暑假天文營隊,4,科學,https://tam.gov.taipei/News_Content.aspx?n=794B17A953424610&sms=9D72E82EC16F3E64&s=5EBB7812993E7A42
少年天文營--探訪月球,2025-08-05,2025-08-07,天文課程講授、動手做、宇宙劇場、立體劇場、展示場探秘、搭乘宇宙探險車、夜間觀星、陽明山國家公園踏青。,臺北市立天文科學教育館、陽明山國家公園,5,9,N,,tam.gov.taipei,,暑假天文營隊,5,科學,https://tam.gov.taipei/News_Content.aspx?n=794B17A953424610&sms=9D72E82EC16F3E64&s=5EBB7812993E7A43
少年天文營--探訪月球,2025-08-11,2025-08-13,天文課程講授、動手做、宇宙劇場、立體劇場、展示場探秘、搭乘宇宙探險車、夜間觀星、陽明山國家公園踏青。,臺北市立天文科學教育館、陽明山國家公園,5,9,N,,tam.gov.taipei,,暑假天文營隊,6,科學,https://tam.gov.taipei/News_Content.aspx?n=794B17A953424610&sms=9D72E82EC16F3E64&s=5EBB7812993E7A44
少年天文營--三館跑透透,2025-08-19,2025-08-20,天文館-特展&常設展&劇場&宇宙探險車&夜間觀星體驗、科教館-常設展導覽&工作坊、兒童新樂園-遊憩設施體驗。,臺北市立天文科學教育館、科教館、兒童新樂園,5,9,N,,tam.gov.taipei,,暑假天文營隊,7,科學,https://tam.gov.taipei/News_Content.aspx?n=794B17A953424610&sms=9D72E82EC16F3E64&s=5EBB7812993E7A45
少年天文營--三館跑透透,2025-08-21,2025-08-22,天文館-特展&常設展&劇場&宇宙探險車&夜間觀星體驗、科教館-常設展導覽&工作坊、兒童新樂園-遊憩設施體驗。,臺北市立天文科學教育館、科教館、兒童新樂園,5,9,N,,tam.gov.taipei,,暑假天文營隊,8,科學,https://tam.gov.taipei/News_Content.aspx?n=794B17A953424610&sms=9D72E82EC16F3E64&s=5EBB7812993E7A46
天地之旅,2025-07-05,2025-07-05,摘星動手做、太陽黑子觀測、宇宙劇場、立體劇場、展示場導覽、搭乘宇宙探險車、陽明山國家公園生態饗宴、夜間觀星。,臺北市立天文科學教育館、陽明山國家公園,2,0,N,,tam.gov.taipei,,暑假天文營隊,1,科學,https://tam.gov.taipei/News_Content.aspx?n=794B17A953424610&sms=9D72E82EC16F3E64&s=5EBB7812993E7A47
天地之旅,2025-07-06,2025-07-06,摘星動手做、太陽黑子觀測、宇宙劇場、立體劇場、展示場導覽、搭乘宇宙探險車、陽明山國家公園生態饗宴、夜間觀星。,臺北市立天文科學教育館、陽明山國家公園,2,0,N,,tam.gov.taipei,,暑假天文營隊,2,科學,https://tam.gov.taipei/News_Content.aspx?n=794B17A953424610&sms=9D72E82EC16F3E64&s=5EBB7812993E7A48
天地之旅,2025-07-13,2025-07-13,摘星動手做、太陽黑子觀測、宇宙劇場、立體劇場、展示場導覽、搭乘宇宙探險車、陽明山國家公園生態饗宴、夜間觀星。,臺北市立天文科學教育館、陽明山國家公園,2,0,N,,tam.gov.taipei,,暑假天文營隊,3,科學,https://tam.gov.taipei/News_Content.aspx?n=794B17A953424610&sms=9D72E82EC16F3E64&s=5EBB7812993E7A49
天地之旅,2025-07-26,2025-07-26,摘星動手做、太陽黑子觀測、宇宙劇場、立體劇場、展示場導覽、搭乘宇宙探險車、陽明山國家公園生態饗宴、夜間觀星。,臺北市立天文科學教育館、陽明山國家公園,2,0,N,,tam.gov.taipei,,暑假天文營隊,4,科學,https://tam.gov.taipei/News_Content.aspx?n=794B17A953424610&sms=9D72E82EC16F3E64&s=5EBB7812993E7A50
天地之旅,2025-07-27,2025-07-27,摘星動手做、太陽黑子觀測、宇宙劇場、立體劇場、展示場導覽、搭乘宇宙探險車、陽明山國家公園生態饗宴、夜間觀星。,臺北市立天文科學教,,,N,,tam.gov.taipei,,暑假天文營隊,,科學,https://tam.gov.taipei/News_Content.aspx?n=794B17A953424610&sms=9D72E82EC16F3E64&s=5EBB7812993E7A51
山海體驗營（第一梯）,2025-07-01,2025-07-05,今年暑假米蘭畫室自然美學課程，將與孩子們再度領受感知福爾摩沙山川、綠林、海洋多元豐腴的生命。,東北角福隆,0,0,Y,,https://www.facebook.com/permalink.php?story_fbid=pfbid0292nwxZFzbSpjwH36Prjoy63YgqtqYzw4K7q7gz9DRejU2kKoUz9B139S5zbigzHhl&id=100057652830902,,米蘭夏令營,,"戶外, 美學, 運動",https://www.facebook.com/permalink.php?story_fbid=pfbid0292nwxZFzbSpjwH36Prjoy63YgqtqYzw4K7q7gz9DRejU2kKoUz9B139S5zbigzHhl&id=100057652830902
山海體驗營（第二梯）,2025-07-07,2025-07-11,今年暑假米蘭畫室自然美學課程，將與孩子們再度領受感知福爾摩沙山川、綠林、海洋多元豐腴的生命。,新店 & 烏來山區,0,0,Y,,https://www.facebook.com/permalink.php?story_fbid=pfbid0292nwxZFzbSpjwH36Prjoy63YgqtqYzw4K7q7gz9DRejU2kKoUz9B139S5zbigzHhl&id=100057652830903,,米蘭夏令營,,"戶外, 美學, 運動",https://www.facebook.com/permalink.php?story_fbid=pfbid0292nwxZFzbSpjwH36Prjoy63YgqtqYzw4K7q7gz9DRejU2kKoUz9B139S5zbigzHhl&id=100057652830903
自然體驗營（第一梯）,2025-07-21,2025-07-25,今年暑假米蘭畫室自然美學課程，將與孩子們再度領受感知福爾摩沙山川、綠林、海洋多元豐腴的生命。,新店 & 烏來山區,0,0,Y,,https://www.facebook.com/permalink.php?story_fbid=pfbid0292nwxZFzbSpjwH36Prjoy63YgqtqYzw4K7q7gz9DRejU2kKoUz9B139S5zbigzHhl&id=100057652830904,,米蘭夏令營,,"戶外, 美學, 運動",https://www.facebook.com/permalink.php?story_fbid=pfbid0292nwxZFzbSpjwH36Prjoy63YgqtqYzw4K7q7gz9DRejU2kKoUz9B139S5zbigzHhl&id=100057652830904
與水共舞營,2025-07-28,2025-08-01,今年暑假米蘭畫室自然美學課程，將與孩子們再度領受感知福爾摩沙山川、綠林、海洋多元豐腴的生命。,新店 & 烏來山區,0,0,Y,,https://www.facebook.com/permalink.php?story_fbid=pfbid0292nwxZFzbSpjwH36Prjoy63YgqtqYzw4K7q7gz9DRejU2kKoUz9B139S5zbigzHhl&id=100057652830905,,米蘭夏令營,,"戶外, 美學, 運動",https://www.facebook.com/permalink.php?story_fbid=pfbid0292nwxZFzbSpjwH36Prjoy63YgqtqYzw4K7q7gz9DRejU2kKoUz9B139S5zbigzHhl&id=100057652830905
自然體驗營（第二梯）,2025-08-11,2025-08-15,今年暑假米蘭畫室自然美學課程，將與孩子們再度領受感知福爾摩沙山川、綠林、海洋多元豐腴的生命。,新店 & 烏來山區,0,0,Y,,https://www.facebook.com/permalink.php?story_fbid=pfbid0292nwxZFzbSpjwH36Prjoy63YgqtqYzw4K7q7gz9DRejU2kKoUz9B139S5zbigzHhl&id=100057652830906,,米蘭夏令營,,"戶外, 美學, 運動",https://www.facebook.com/permalink.php?story_fbid=pfbid0292nwxZFzbSpjwH36Prjoy63YgqtqYzw4K7q7gz9DRejU2kKoUz9B139S5zbigzHhl&id=100057652830906
攀岩+體適能增強五日營,2025-07-05,2025-07-09,這個夏天，歡迎孩子來小岩館跟我們一起攀岩！  ！ 小岩館精心規劃多元課程，透過攀岩結合運動訓練，讓孩子們強化身體素質、培養專注力與自信心，在挑戰中成長！,,0,0,N,,https://docs.google.com/forms/d/e/1FAIpQLSc6-WMqJWsFIvgopH58c3VnCvxaBqOk8Va2Xyy1jZIDg3IwtQ/viewform,,小岩館夏令營,,"戶外, 運動",https://www.facebook.com/thelittlerock.tianmu.2017/posts/pfbid036TcR1j2nrFFF2cXd2Yz9ax4GEYzsK8MzFZ88nkaWkbpFpyu1tQfx11ZfcJRW52uTl
攀岩+足球上下平衡五日營,2025-07-12,2025-07-16,這個夏天，歡迎孩子來小岩館跟我們一起攀岩！  ！ 小岩館精心規劃多元課程，透過攀岩結合運動訓練，讓孩子們強化身體素質、培養專注力與自信心，在挑戰中成長！,,0,0,N,,https://docs.google.com/forms/d/e/1FAIpQLSc6-WMqJWsFIvgopH58c3VnCvxaBqOk8Va2Xyy1jZIDg3IwtQ/viewform,,小岩館夏令營,,"戶外, 運動",https://www.facebook.com/thelittlerock.tianmu.2017/posts/pfbid036TcR1j2nrFFF2cXd2Yz9ax4GEYzsK8MzFZ88nkaWkbpFpyu1tQfx11ZfcJRW52uTl
好好爬一夏-攀岩半日營（五日）,2025-07-19,2025-07-23,這個夏天，歡迎孩子來小岩館跟我們一起攀岩！  ！ 小岩館精心規劃多元課程，透過攀岩結合運動訓練，讓孩子們強化身體素質、培養專注力與自信心，在挑戰中成長！,,0,0,N,,https://docs.google.com/forms/d/e/1FAIpQLSc6-WMqJWsFIvgopH58c3VnCvxaBqOk8Va2Xyy1jZIDg3IwtQ/viewform,,小岩館夏令營,,"戶外, 運動",https://www.facebook.com/thelittlerock.tianmu.2017/posts/pfbid036TcR1j2nrFFF2cXd2Yz9ax4GEYzsK8MzFZ88nkaWkbpFpyu1tQfx11ZfcJRW52uTl
小小定線員初體驗三日營,2025-07-25,2025-07-27,這個夏天，歡迎孩子來小岩館跟我們一起攀岩！  ！ 小岩館精心規劃多元課程，透過攀岩結合運動訓練，讓孩子們強化身體素質、培養專注力與自信心，在挑戰中成長！,,0,0,N,,https://docs.google.com/forms/d/e/1FAIpQLSc6-WMqJWsFIvgopH58c3VnCvxaBqOk8Va2Xyy1jZIDg3IwtQ/viewform,,小岩館夏令營,,"戶外, 運動",https://www.facebook.com/thelittlerock.tianmu.2017/posts/pfbid036TcR1j2nrFFF2cXd2Yz9ax4GEYzsK8MzFZ88nkaWkbpFpyu1tQfx11ZfcJRW52uTl
大碗岩戶外攀岩一日營,2025-07-29,2025-07-30,這個夏天，歡迎孩子來小岩館跟我們一起攀岩！  ！ 小岩館精心規劃多元課程，透過攀岩結合運動訓練，讓孩子們強化身體素質、培養專注力與自信心，在挑戰中成長！,,0,0,N,,https://docs.google.com/forms/d/e/1FAIpQLSc6-WMqJWsFIvgopH58c3VnCvxaBqOk8Va2Xyy1jZIDg3IwtQ/viewform,,小岩館夏令營,,"戶外, 運動",https://www.facebook.com/thelittlerock.tianmu.2017/posts/pfbid036TcR1j2nrFFF2cXd2Yz9ax4GEYzsK8MzFZ88nkaWkbpFpyu1tQfx11ZfcJRW52uTl
好好爬一夏-攀岩半日營（四日）,2025-08-01,2025-08-04,這個夏天，歡迎孩子來小岩館跟我們一起攀岩！  ！ 小岩館精心規劃多元課程，透過攀岩結合運動訓練，讓孩子們強化身體素質、培養專注力與自信心，在挑戰中成長！,,0,0,N,,https://docs.google.com/forms/d/e/1FAIpQLSc6-WMqJWsFIvgopH58c3VnCvxaBqOk8Va2Xyy1jZIDg3IwtQ/viewform,,小岩館夏令營,,"戶外, 運動",https://www.facebook.com/thelittlerock.tianmu.2017/posts/pfbid036TcR1j2nrFFF2cXd2Yz9ax4GEYzsK8MzFZ88nkaWkbpFpyu1tQfx11ZfcJRW52uTl
小小定線員初體驗三日營,2025-08-14,2025-08-16,這個夏天，歡迎孩子來小岩館跟我們一起攀岩！  ！ 小岩館精心規劃多元課程，透過攀岩結合運動訓練，讓孩子們強化身體素質、培養專注力與自信心，在挑戰中成長！,,0,0,N,,https://docs.google.com/forms/d/e/1FAIpQLSc6-WMqJWsFIvgopH58c3VnCvxaBqOk8Va2Xyy1jZIDg3IwtQ/viewform,,小岩館夏令營,,"戶外, 運動",https://www.facebook.com/thelittlerock.tianmu.2017/posts/pfbid036TcR1j2nrFFF2cXd2Yz9ax4GEYzsK8MzFZ88nkaWkbpFpyu1tQfx11ZfcJRW52uTl
攀岩+體適能強化五日營,2025-08-22,2025-08-26,這個夏天，歡迎孩子來小岩館跟我們一起攀岩！  ！ 小岩館精心規劃多元課程，透過攀岩結合運動訓練，讓孩子們強化身體素質、培養專注力與自信心，在挑戰中成長！,,0,0,N,,https://docs.google.com/forms/d/e/1FAIpQLSc6-WMqJWsFIvgopH58c3VnCvxaBqOk8Va2Xyy1jZIDg3IwtQ/viewform,,小岩館夏令營,,"戶外, 運動",https://www.facebook.com/thelittlerock.tianmu.2017/posts/pfbid036TcR1j2nrFFF2cXd2Yz9ax4GEYzsK8MzFZ88nkaWkbpFpyu1tQfx11ZfcJRW52uTl
好好爬一夏-攀岩半日營（四日）,2025-08-29,2025-08-31,這個夏天，歡迎孩子來小岩館跟我們一起攀岩！  ！ 小岩館精心規劃多元課程，透過攀岩結合運動訓練，讓孩子們強化身體素質、培養專注力與自信心，在挑戰中成長！,,0,0,N,,https://docs.google.com/forms/d/e/1FAIpQLSc6-WMqJWsFIvgopH58c3VnCvxaBqOk8Va2Xyy1jZIDg3IwtQ/viewform,,小岩館夏令營,,"戶外, 運動",https://www.facebook.com/thelittlerock.tianmu.2017/posts/pfbid036TcR1j2nrFFF2cXd2Yz9ax4GEYzsK8MzFZ88nkaWkbpFpyu1tQfx11ZfcJRW52uTl
北海岸戶外-抱石一日營,2025-09-01,2025-09-02,這個夏天，歡迎孩子來小岩館跟我們一起攀岩！  ！ 小岩館精心規劃多元課程，透過攀岩結合運動訓練，讓孩子們強化身體素質、培養專注力與自信心，在挑戰中成長！,,0,0,N,,https://docs.google.com/forms/d/e/1FAIpQLSc6-WMqJWsFIvgopH58c3VnCvxaBqOk8Va2Xyy1jZIDg3IwtQ/viewform,,小岩館夏令營,,"戶外, 運動",https://www.facebook.com/thelittlerock.tianmu.2017/posts/pfbid036TcR1j2nrFFF2cXd2Yz9ax4GEYzsK8MzFZ88nkaWkbpFpyu1tQfx11ZfcJRW52uTl
2025 台北暑期營 八月團 《小小自然觀察家》,2025-08-04,2025-08-08,從海洋到森林，大台北的五堂自然課，實際行動的戶外探查！\n\n從白天到晚上，動物隨著四季和日夜出沒，他們怎麼適應不同的動盪環境呢？在高鹽分的海水、在退潮乾枯的時刻、光靠氣味感受獵物、唱什麼歌聲吸引異性⋯⋯\n\n我們即將帶領大家一同搭著大眾運輸工具，走往台北各處去尋找動植物們的家，學習不同棲地的動物適應方法和如何在對的地方找到他們，也會製作簡單的調查工具去觀察目標物種，等你一起來玩！,台北,3,99,N,"10,000元 (早鳥優惠價 7,500元)",https://docs.google.com/forms/d/e/1FAIpQLSdCedGSJ_4NdPLTVWQPD_48A3VfKyrwwnbVAZM_IssnC_nG8g/viewform,,蝶小小+艾蜜莉,,"戶外, 生物",https://www.facebook.com/Anfernee30918/posts/pfbid031Cb4GuhMkTLKD9keFbGEktqwccvf2SML6Xyv6KJD6d1uEWxrTx25mXL3Hh2YGUmql
品智領導原森藝創瑜伽營(覺愛石門),2025-07-10,2025-07-13,在這個夏令營裡，我們將探索瑜珈的十大生命價值觀，並了解如何將它們運用在生活中。透過擁有清晰的生命正確價值觀框架，了解如何運用它們，我們的孩子將能夠負責任地處理他們的日常職責。,新北市石門區小坑頂54號（石門覺愛山莊）,0,9,Y,5800元/人,https://docs.google.com/forms/d/e/1FAIpQLSdlUAuLrdrsLCQkhiaWpvPDvnfCcJqdDblHvbOXFk4u2PjX0A/viewform,,覺愛,,"運動, 靜心, 戶外",https://www.facebook.com/heartspringyoga/posts/pfbid0e8kEvgczamZ79udSNqjYWgLz5G7g3F4PFtVC4AVP2KNLZdyjdgAAosydXjbjPGn9l?locale=zh_TW
數學實驗營｜冬季主題,2025-07-01,2025-07-04,帶領孩子用動手做的方式學習數學！兩大主題跨領域學習,大台北地區、桃園、高雄,3,6,N,,https://numeracylab.com/archives/pan_event_cat/25sum,,數感實驗室,,科學,
數學實驗營｜夏季主題,2025-07-07,2025-07-11,帶領孩子用動手做的方式學習數學！兩大主題跨領域學習,大台北地區、桃園、高雄,3,6,N,,https://numeracylab.com/archives/pan_event_cat/25sum,,數感實驗室,,科學,
數學實驗營｜夏季主題,2025-07-14,2025-07-18,帶領孩子用動手做的方式學習數學！兩大主題跨領域學習,大台北地區、桃園、高雄,3,6,N,,https://numeracylab.com/archives/pan_event_cat/25sum,,數感實驗室,,科學,
數學實驗營｜夏季主題,2025-07-21,2025-07-25,帶領孩子用動手做的方式學習數學！兩大主題跨領域學習,大台北地區、桃園、高雄,3,6,N,,https://numeracylab.com/archives/pan_event_cat/25sum,,數感實驗室,,科學,
數學實驗營｜夏季主題,2025-07-28,2025-08-01,帶領孩子用動手做的方式學習數學！兩大主題跨領域學習,大台北地區、桃園、高雄,3,6,N,,https://numeracylab.com/archives/pan_event_cat/25sum,,數感實驗室,,科學,
數學實驗營｜冬季主題,2025-08-04,2025-08-08,帶領孩子用動手做的方式學習數學！兩大主題跨領域學習,大台北地區、桃園、高雄,3,6,N,,https://numeracylab.com/archives/pan_event_cat/25sum,,數感實驗室,,科學,
數學實驗營｜夏季主題,2025-08-11,2025-08-15,帶領孩子用動手做的方式學習數學！兩大主題跨領域學習,大台北地區、桃園、高雄,3,6,N,,https://numeracylab.com/archives/pan_event_cat/25sum,,數感實驗室,,科學,
數學實驗營｜夏季主題,2025-08-18,2025-08-22,帶領孩子用動手做的方式學習數學！兩大主題跨領域學習,大台北地區、桃園、高雄,3,6,N,,https://numeracylab.com/archives/pan_event_cat/25sum,,數感實驗室,,科學,
2025春夏 跟著蝸牛去旅行,2025-05-24,2025-05-24,我們將從蝸牛的「食」物選擇、「衣」著打扮（牠們的殼）、「住」家環境，以及「行」動方式等不同角度出發，透過有趣的觀察和解說，讓你對這些背著小房子的可愛生物有全新的認識，發現牠們遠比你想像的更加豐富多彩！,芝山岩惠濟宮牌樓,0,0,N,NT$ 900 起,https://mrbuglab.boostime.me/activities/qt3nbyn6,,蟲蟲先生的科學教室,,生物,https://www.facebook.com/photo?fbid=1193396409464498&set=pcb.1193479122789560
昆蟲學家攻略 2025 第一期,2025-07-22,2025-07-24,🪲今年暑假，『昆蟲學家攻略』重磅來襲，帶你深入昆蟲世界！從野外採集調查到室內實驗操作，從農業害蟲到病媒防治，從解剖觀察到分子技術，全面探索昆蟲如何主宰地球生命的運行與傳承。,國立中興大學校本部-農業環境科學大樓,7,12,N,7500,https://www.siileec.com/subject.php?sn=5490,,中興大學昆蟲系-昆蟲學家攻略,,生物,https://www.facebook.com/nchuentomol/posts/pfbid02ou7ZuKTFkfzqLNSsw7sfsLTU9EwXJuscVLL7VDVnVXV2sLiLj1Gcyoo9EPGn5SpPl
昆蟲學家攻略 2025 第二期,2025-08-19,2025-08-21,🪲今年暑假，『昆蟲學家攻略』重磅來襲，帶你深入昆蟲世界！從野外採集調查到室內實驗操作，從農業害蟲到病媒防治，從解剖觀察到分子技術，全面探索昆蟲如何主宰地球生命的運行與傳承。,國立中興大學校本部-農業環境科學大樓,7,12,N,7500,https://www.siileec.com/subject.php?sn=5490,,中興大學昆蟲系-昆蟲學家攻略,,生物,https://www.facebook.com/nchuentomol/posts/pfbid02ou7ZuKTFkfzqLNSsw7sfsLTU9EwXJuscVLL7VDVnVXV2sLiLj1Gcyoo9EPGn5SpPl
關渡自然公園暑期兒童營隊 第一期,2025-07-02,2025-07-04,這個夏天，邀請各位溼地探險家，與一群年齡相仿的夥伴同行，一同進入關渡自然公園展開一場「用心觀察」、「親身體驗」和「科學探究」的生物調查冒險，透過兩棲類調查、昆蟲調查、合作闖關等方法，認識關渡自然公園的溼地環境，並願意許下守護的承諾。,關渡自然公園、芝山文化生態綠園,3,7,Y,6200,https://gd-park.org.tw/education/4952,,關渡自然公園-暑期兒童營隊,,"戶外, 生物, 科學",https://www.facebook.com/GuanduNaturePark/posts/pfbid0wNa1ivtutAwr5dCESWnCswe6ESvcs8aAPriqvFZsbDDE7dTR59zxEaxLoBBnMGLql
關渡自然公園暑期兒童營隊 第二期,2025-07-09,2025-07-11,這個夏天，邀請各位溼地探險家，與一群年齡相仿的夥伴同行，一同進入關渡自然公園展開一場「用心觀察」、「親身體驗」和「科學探究」的生物調查冒險，透過兩棲類調查、昆蟲調查、合作闖關等方法，認識關渡自然公園的溼地環境，並願意許下守護的承諾。,關渡自然公園、芝山文化生態綠園,3,7,Y,6200,https://gd-park.org.tw/education/4952,,關渡自然公園-暑期兒童營隊,,"戶外, 生物, 科學",https://www.facebook.com/GuanduNaturePark/posts/pfbid0wNa1ivtutAwr5dCESWnCswe6ESvcs8aAPriqvFZsbDDE7dTR59zxEaxLoBBnMGLql
原岩攀岩夏令營 南港店 N3-1（手作美術）,2025-07-16,2025-07-18,三日營，包含抱石團隊遊戲、體能活動、手作美術等課程。,台北市南港區南港路二段147號,2,6,N,6300,https://tupclimbing.tw/camp/518,,原岩攀岩夏令營,,運動,https://tupclimbing.tw/news/activity/522
原岩攀岩夏令營 南港店 N3-2（兒童瑜珈）,2025-07-28,2025-07-30,三日營，包含抱石團隊遊戲、體能活動、兒童瑜珈等課程。,台北市南港區南港路二段147號,2,6,N,6300,https://tupclimbing.tw/camp/518,,原岩攀岩夏令營,,運動,https://tupclimbing.tw/news/activity/523
原岩攀岩夏令營 南港店 N3-3（手作美術）,2025-08-06,2025-08-08,三日營，包含抱石團隊遊戲、體能活動、手作美術等課程。,台北市南港區南港路二段147號,2,6,N,6300,https://tupclimbing.tw/camp/518,,原岩攀岩夏令營,,運動,https://tupclimbing.tw/news/activity/524
原岩攀岩夏令營 南港店 N3-4（兒童瑜珈）,2025-08-20,2025-08-22,三日營，包含抱石團隊遊戲、體能活動、兒童瑜珈等課程。,台北市南港區南港路二段147號,2,6,N,6300,https://tupclimbing.tw/camp/518,,原岩攀岩夏令營,,運動,https://tupclimbing.tw/news/activity/525
原岩攀岩夏令營 南港店 N4-1（兒童瑜珈）,2025-07-01,2025-07-04,四日營，包含抱石團隊遊戲、體能活動、兒童瑜珈等課程。,台北市南港區南港路二段147號,2,6,N,8400,https://tupclimbing.tw/camp/518,,原岩攀岩夏令營,,運動,https://tupclimbing.tw/news/activity/526
原岩攀岩夏令營 南港店 N5-1（定向）,2025-07-07,2025-07-11,五日營，包含抱石團隊遊戲、體能活動、定向等課程。,台北市南港區南港路二段147號,2,6,N,10500,https://tupclimbing.tw/camp/518,,原岩攀岩夏令營,,運動,https://tupclimbing.tw/news/activity/527
原岩攀岩夏令營 南港店 N5-2（定向）,2025-07-21,2025-07-25,五日營，包含抱石團隊遊戲、體能活動、定向等課程。,台北市南港區南港路二段147號,2,6,N,10500,https://tupclimbing.tw/camp/518,,原岩攀岩夏令營,,運動,https://tupclimbing.tw/news/activity/528
原岩攀岩夏令營 南港店 N5-3（定向）,2025-08-11,2025-08-15,五日營，包含抱石團隊遊戲、體能活動、定向等課程。,台北市南港區南港路二段147號,2,6,N,10500,https://tupclimbing.tw/camp/518,,原岩攀岩夏令營,,運動,https://tupclimbing.tw/news/activity/529
原岩攀岩夏令營 南港店 N5-4（定向）,2025-08-25,2025-08-29,五日營，包含抱石團隊遊戲、體能活動、定向等課程。,台北市南港區南港路二段147號,2,6,N,10500,https://tupclimbing.tw/camp/518,,原岩攀岩夏令營,,運動,https://tupclimbing.tw/news/activity/530
原岩攀岩夏令營 中和店 Z3-1（兒童瑜珈）,2025-07-07,2025-07-09,三日營，包含上攀教學、抱石基礎技巧、體能活動、兒童瑜珈等課程。,新北市中和區立言街41號,2,6,N,6300,https://tupclimbing.tw/camp/519,,原岩攀岩夏令營,,運動,https://tupclimbing.tw/news/activity/531
原岩攀岩夏令營 中和店 Z3-2（手作美術）,2025-07-30,2025-08-01,三日營，包含上攀教學、抱石基礎技巧、體能活動、手作美術等課程。,新北市中和區立言街41號,2,6,N,6300,https://tupclimbing.tw/camp/519,,原岩攀岩夏令營,,運動,https://tupclimbing.tw/news/activity/532
原岩攀岩夏令營 中和店 Z3-3（兒童瑜珈）,2025-08-11,2025-08-13,三日營，包含上攀教學、抱石基礎技巧、體能活動、兒童瑜珈等課程。,新北市中和區立言街41號,2,6,N,6300,https://tupclimbing.tw/camp/519,,原岩攀岩夏令營,,運動,https://tupclimbing.tw/news/activity/533
原岩攀岩夏令營 中和店 Z3-4（走繩＋繩索）,2025-08-25,2025-08-27,三日營，包含上攀教學、抱石基礎技巧、體能活動、走繩與繩索等課程。,新北市中和區立言街41號,2,6,N,6300,https://tupclimbing.tw/camp/519,,原岩攀岩夏令營,,運動,https://tupclimbing.tw/news/activity/534
原岩攀岩夏令營 新店店 X3-1（攀岩＋走繩＋繩索）,2025-07-09,2025-07-11,三日營，包含攀岩、走繩、繩索等課程。,新北市新店區中正路542號,2,6,N,6600,https://tupclimbing.tw/camp/521,,原岩攀岩夏令營,,運動,https://tupclimbing.tw/news/activity/535
原岩攀岩夏令營 新店店 X3-2（攀岩＋走繩＋繩索）,2025-07-14,2025-07-16,三日營，包含攀岩、走繩、繩索等課程。,新北市新店區中正路542號,2,6,N,6600,https://tupclimbing.tw/camp/521,,原岩攀岩夏令營,,運動,https://tupclimbing.tw/news/activity/536
原岩攀岩夏令營 新店店 X3-3（攀岩＋手作美術）,2025-07-23,2025-07-25,三日營，包含攀岩、手作美術等課程。,新北市新店區中正路542號,2,6,N,6600,https://tupclimbing.tw/camp/521,,原岩攀岩夏令營,,運動,https://tupclimbing.tw/news/activity/537
原岩攀岩夏令營 新店店 X3-4（攀岩＋走繩＋繩索）,2025-08-13,2025-08-15,三日營，包含攀岩、走繩、繩索等課程。,新北市新店區中正路542號,2,6,N,6600,https://tupclimbing.tw/camp/521,,原岩攀岩夏令營,,運動,https://tupclimbing.tw/news/activity/538
原岩攀岩夏令營 新店店 X3-5（攀岩＋手作美術）,2025-08-27,2025-08-29,三日營，包含攀岩、手作美術等課程。,新北市新店區中正路542號,2,6,N,6600,https://tupclimbing.tw/camp/521,,原岩攀岩夏令營,,運動,https://tupclimbing.tw/news/activity/539
蜘蛛人五日半天攀岩營,2025-07-01,2025-07-04,,台北市內湖運動中心攀岩場,6,10,N,4800,https://scr.cyc.org.tw/tp12.aspx?module=class_booking&files=class_info&A=11404&B=12&C=0&D=&E=1,,內湖運動中心攀岩館,,運動,https://www.facebook.com/climbing.nh/posts/pfbid02PzajpFLbAuS5ZaXMKwJeg9d4u1URJao46puGknZasDpYth27xztUyikq2pGZLPd8l
蜘蛛人五日全天進階營,2025-07-07,2025-07-11,,台北市內湖運動中心攀岩場,6,16,N,11400,https://scr.cyc.org.tw/tp12.aspx?module=class_booking&files=class_info&A=11404&B=12&C=0&D=&E=2,,內湖運動中心攀岩館,,運動,https://www.facebook.com/climbing.nh/posts/pfbid02PzajpFLbAuS5ZaXMKwJeg9d4u1URJao46puGknZasDpYth27xztUyikq2pGZLPd8l
蜘蛛人五日全天進階營,2025-07-01,2025-07-04,,台北市內湖運動中心攀岩場,6,16,N,9600,https://scr.cyc.org.tw/tp12.aspx?module=class_booking&files=class_info&A=11404&B=12&C=0&D=&E=3,,內湖運動中心攀岩館,,運動,https://www.facebook.com/climbing.nh/posts/pfbid02PzajpFLbAuS5ZaXMKwJeg9d4u1URJao46puGknZasDpYth27xztUyikq2pGZLPd8l
蜘蛛人五日半天攀岩營,2025-07-14,2025-07-18,,台北市內湖運動中心攀岩場,6,10,N,5700,https://scr.cyc.org.tw/tp12.aspx?module=class_booking&files=class_info&A=11404&B=12&C=0&D=&E=4,,內湖運動中心攀岩館,,運動,https://www.facebook.com/climbing.nh/posts/pfbid02PzajpFLbAuS5ZaXMKwJeg9d4u1URJao46puGknZasDpYth27xztUyikq2pGZLPd8l
蜘蛛人五日半天攀岩營,2025-07-01,2025-07-04,,台北市內湖運動中心攀岩場,6,10,N,4800,https://scr.cyc.org.tw/tp12.aspx?module=class_booking&files=class_info&A=11404&B=12&C=0&D=&E=5,,內湖運動中心攀岩館,,運動,https://www.facebook.com/climbing.nh/posts/pfbid02PzajpFLbAuS5ZaXMKwJeg9d4u1URJao46puGknZasDpYth27xztUyikq2pGZLPd8l
蜘蛛人五日全天進階營,2025-07-07,2025-07-11,,台北市內湖運動中心攀岩場,6,16,N,11400,https://scr.cyc.org.tw/tp12.aspx?module=class_booking&files=class_info&A=11404&B=12&C=0&D=&E=6,,內湖運動中心攀岩館,,運動,https://www.facebook.com/climbing.nh/posts/pfbid02PzajpFLbAuS5ZaXMKwJeg9d4u1URJao46puGknZasDpYth27xztUyikq2pGZLPd8l
蜘蛛人五日全天進階營,2025-07-01,2025-07-04,,台北市內湖運動中心攀岩場,6,16,N,9600,https://scr.cyc.org.tw/tp12.aspx?module=class_booking&files=class_info&A=11404&B=12&C=0&D=&E=7,,內湖運動中心攀岩館,,運動,https://www.facebook.com/climbing.nh/posts/pfbid02PzajpFLbAuS5ZaXMKwJeg9d4u1URJao46puGknZasDpYth27xztUyikq2pGZLPd8l
蜘蛛人五日半天攀岩營,2025-07-14,2025-07-18,,台北市內湖運動中心攀岩場,6,10,N,5700,https://scr.cyc.org.tw/tp12.aspx?module=class_booking&files=class_info&A=11404&B=12&C=0&D=&E=8,,內湖運動中心攀岩館,,運動,https://www.facebook.com/climbing.nh/posts/pfbid02PzajpFLbAuS5ZaXMKwJeg9d4u1URJao46puGknZasDpYth27xztUyikq2pGZLPd8l
蜘蛛人五日半天攀岩營,2025-07-28,2025-08-01,,台北市內湖運動中心攀岩場,6,10,N,5700,https://scr.cyc.org.tw/tp12.aspx?module=class_booking&files=class_info&A=11404&B=12&C=0&D=&E=9,,內湖運動中心攀岩館,,運動,https://www.facebook.com/climbing.nh/posts/pfbid02PzajpFLbAuS5ZaXMKwJeg9d4u1URJao46puGknZasDpYth27xztUyikq2pGZLPd8l
蜘蛛人五日全天進階營,2025-07-28,2025-08-01,,台北市內湖運動中心攀岩場,6,16,N,11400,https://scr.cyc.org.tw/tp12.aspx?module=class_booking&files=class_info&A=11404&B=12&C=0&D=&E=10,,內湖運動中心攀岩館,,運動,https://www.facebook.com/climbing.nh/posts/pfbid02PzajpFLbAuS5ZaXMKwJeg9d4u1URJao46puGknZasDpYth27xztUyikq2pGZLPd8l
蜘蛛人五日全天進階營,2025-08-04,2025-08-08,,台北市內湖運動中心攀岩場,6,16,N,11400,https://scr.cyc.org.tw/tp12.aspx?module=class_booking&files=class_info&A=11404&B=12&C=0&D=&E=11,,內湖運動中心攀岩館,,運動,https://www.facebook.com/climbing.nh/posts/pfbid02PzajpFLbAuS5ZaXMKwJeg9d4u1URJao46puGknZasDpYth27xztUyikq2pGZLPd8l
蜘蛛人五日半天攀岩營,2025-08-04,2025-08-08,,台北市內湖運動中心攀岩場,6,10,N,5700,https://scr.cyc.org.tw/tp12.aspx?module=class_booking&files=class_info&A=11404&B=12&C=0&D=&E=12,,內湖運動中心攀岩館,,運動,https://www.facebook.com/climbing.nh/posts/pfbid02PzajpFLbAuS5ZaXMKwJeg9d4u1URJao46puGknZasDpYth27xztUyikq2pGZLPd8l
蜘蛛人五日半天攀岩營,2025-08-11,2025-08-15,,台北市內湖運動中心攀岩場,6,10,N,5700,https://scr.cyc.org.tw/tp12.aspx?module=class_booking&files=class_info&A=11404&B=12&C=0&D=&E=13,,內湖運動中心攀岩館,,運動,https://www.facebook.com/climbing.nh/posts/pfbid02PzajpFLbAuS5ZaXMKwJeg9d4u1URJao46puGknZasDpYth27xztUyikq2pGZLPd8l
蜘蛛人五日半天攀岩營,2025-08-11,2025-08-15,,台北市內湖運動中心攀岩場,6,10,N,5700,https://scr.cyc.org.tw/tp12.aspx?module=class_booking&files=class_info&A=11404&B=12&C=0&D=&E=14,,內湖運動中心攀岩館,,運動,https://www.facebook.com/climbing.nh/posts/pfbid02PzajpFLbAuS5ZaXMKwJeg9d4u1URJao46puGknZasDpYth27xztUyikq2pGZLPd8l
昆蟲生態達人,2025-07-21,2025-07-25,加入文化、歷史、美學…等多領域知識，與昆蟲生態課程蹦出更多元有趣且深入的知識，給您多元豐富的昆蟲營。,臺北、臺中、高雄,1,7,N,11000,https://sec.ventures/product/insect/,,SEC夏令營,,"生物, 科學, 美學",https://sec.ventures/about-us/
昆蟲生態達人,2025-08-18,2025-08-22,加入文化、歷史、美學…等多領域知識，與昆蟲生態課程蹦出更多元有趣且深入的知識，給您多元豐富的昆蟲營。,臺北、臺中、高雄,1,7,N,11000,https://sec.ventures/product/insect/,,SEC夏令營,,"生物, 科學, 美學",https://sec.ventures/about-us/
昆蟲生態達人,2025-08-25,2025-08-29,加入文化、歷史、美學…等多領域知識，與昆蟲生態課程蹦出更多元有趣且深入的知識，給您多元豐富的昆蟲營。,竹北、臺南,1,7,N,11000,https://sec.ventures/product/insect/,,SEC夏令營,,"生物, 科學, 美學",https://sec.ventures/about-us/
牙醫探索學院,2025-07-03,2025-07-04,讓孩子自由牙醫領域，並且從不同角度理解醫學相關知識，培養學員探索自我興趣導向、提升專業知識素養,臺北、竹北、臺中、臺南、高雄,1,7,N,5750,https://sec.ventures/product/dentist/,,SEC夏令營,,科學,https://sec.ventures/about-us/
昆蟲科技發明家,2025-07-07,2025-07-11,加入科技、文化、歷史、美學…等多領域知識，與昆蟲生態課程蹦出更多元有趣且深入的知識，給您多元豐富的昆蟲營。,臺南,1,7,N,11000,https://sec.ventures/product/entotech/,,SEC夏令營,,"生物, 科學",https://sec.ventures/about-us/
昆蟲科技發明家,2025-07-14,2025-07-18,加入科技、文化、歷史、美學…等多領域知識，與昆蟲生態課程蹦出更多元有趣且深入的知識，給您多元豐富的昆蟲營。,臺北、臺中、高雄,1,7,N,11000,https://sec.ventures/product/entotech/,,SEC夏令營,,"生物, 科學",https://sec.ventures/about-us/
昆蟲科技發明家,2025-08-04,2025-08-08,加入科技、文化、歷史、美學…等多領域知識，與昆蟲生態課程蹦出更多元有趣且深入的知識，給您多元豐富的昆蟲營。,臺北、臺中、高雄,1,7,N,11000,https://sec.ventures/product/entotech/,,SEC夏令營,,"生物, 科學",https://sec.ventures/about-us/
昆蟲科技發明家,2025-08-11,2025-08-15,加入科技、文化、歷史、美學…等多領域知識，與昆蟲生態課程蹦出更多元有趣且深入的知識，給您多元豐富的昆蟲營。,竹北,1,7,N,11000,https://sec.ventures/product/entotech/,,SEC夏令營,,"生物, 科學",https://sec.ventures/about-us/
青少年公民科學營 初階班,2025-07-04,2025-07-06,今年暑假，農業部生物多樣性研究所最搶手的營隊即將登場！,,99,99,Y,,https://www.taibif.tw/,,農業部生物多樣性研究所保育教育館,,"生物, 戶外",https://www.facebook.com/share/1AT25MHBZz/?mibextid=wwXIfr
青少年公民科學營 進階班,2025-07-11,2025-07-13,今年暑假，農業部生物多樣性研究所最搶手的營隊即將登場！,,99,99,Y,,https://www.taibif.tw/,,農業部生物多樣性研究所保育教育館,,"生物, 戶外",https://www.facebook.com/share/1AT25MHBZz/?mibextid=wwXIfr
小虎暑期三日夏令營 第一梯,2025-07-18,2025-07-20,請先把時間空下來，準備好和我們一起探尋生態的奧祕。,,4,6,Y,,https://www.taibif.tw/,,農業部生物多樣性研究所保育教育館,,"生物, 戶外",https://www.facebook.com/share/1AT25MHBZz/?mibextid=wwXIfr
小虎暑期三日夏令營 第二梯,2025-07-25,2025-07-27,請先把時間空下來，準備好和我們一起探尋生態的奧祕。,,4,6,Y,,https://www.taibif.tw/,,農業部生物多樣性研究所保育教育館,,"生物, 戶外",https://www.facebook.com/share/1AT25MHBZz/?mibextid=wwXIfr
文學日常—感受與現在 臺南文學營,2025-06-14,2025-06-15,本梯次以情感作為連結，探討文學於日常生活中，共同關注的議題裡產生的相同與相異。,許石音樂圖書館(臺南市北區公園北路3號),0,99,N,一般票1000元，學生票500元,https://www.accupass.com/event/2505090340552050254139,,臺南文學季,,文學,https://www.facebook.com/tainanliteraturefestival/posts/pfbid0BEMi52HRxFvEykJAvwmjuBYBd1WAuEYvR8QM1CQ13aRMY3y3GUyird6LX7wsYhryl
文學趨向—進擊的未來 臺南文學營,2025-07-05,2025-07-06,本梯次探討未來生活的趨勢，與文學在其中的角色。,台江文化中心(臺南市安南區安吉路一段207號),0,99,N,一般票1000元，學生票500元,https://www.accupass.com/event/2505090340552050254139,,臺南文學季,,文學,https://www.facebook.com/tainanliteraturefestival/posts/pfbid0BEMi52HRxFvEykJAvwmjuBYBd1WAuEYvR8QM1CQ13aRMY3y3GUyird6LX7wsYhryl
急救小小兵˙救生冒險趣 夏令營,2025-07-08,2025-07-10,由紅十字會舉辦，為期三天兩夜，內容涵蓋急救與戶外探索體驗。,第一天與第三天：紅十字會訓練教室；第二天：淡水福興寮花卉農場,3,6,Y,保證金1000元 (全程參與者活動結束後退還),https://docs.google.com/forms/d/e/1FAIpQLSfQyLSmFsmDg7uw7w4dVOu5_i-8q0fvxzZ7iFieJ9kl0jX7ug/viewform,,中華民國紅十字會,,急救,https://docs.google.com/forms/d/e/1FAIpQLSen_1Uk1TKgD3maFBKUBU0i4jllRzNQRNSupvg1Acv-rT7TOg/viewform
新北永續未來學院 國中梯次,2025-07-02,2025-07-03,樹林焚化廠實地參訪 × 海洋垃圾大冒險 × 手作史前風環保收納袋，從文化走進環保日常。,新北市（樹林焚化廠等）,7,9,Y,0,https://www.epd.ntpc.gov.tw/EpdFrontDesk/Page_List?activityId=219,,新北永續未來協會,,環境,
新北永續未來學院 高中梯次,2025-07-17,2025-07-18,環境戲劇 × 漳和濕地導覽 × 實際淨灘，讓減塑從反思變成日常。,新北市（漳和濕地等）,10,12,Y,0,https://www.epd.ntpc.gov.tw/EpdFrontDesk/Page_List?activityId=218,,新北永續未來協會,,環境,
新北永續未來學院 大學梯次,2025-07-23,2025-07-25,海岸淨灘 × 在地企業參訪 × AI資源回收基地，理解永續如何成為未來的底氣。,新北市（海岸等）,13,99,Y,0,https://www.epd.ntpc.gov.tw/EpdFrontDesk/Page_List?activityId=217,,新北永續未來協會,,環境,
太空科學大探索,2025-07-14,2025-07-18,本課程將帶你從跨學科的視角出發，深入探索火箭與太空科技的奧秘。無論是推進原理、材料科學，還是軌道力學，課程將以理論搭配實作的方式，幫助你全面了解知識背後的科學基礎。,竹北十興國小,1,5,N,11000,https://sec.ventures/product/space/,,SEC夏令營,,科學,https://sec.ventures/about-us/
太空科學大探索,2025-07-28,2025-08-01,本課程將帶你從跨學科的視角出發，深入探索火箭與太空科技的奧秘。無論是推進原理、材料科學，還是軌道力學，課程將以理論搭配實作的方式，幫助你全面了解知識背後的科學基礎。,臺北、臺中、臺南、高雄,1,7,N,11000,https://sec.ventures/product/space/,,SEC夏令營,,科學,https://sec.ventures/about-us/
太空科學大探索,2025-08-25,2025-08-29,本課程將帶你從跨學科的視角出發，深入探索火箭與太空科技的奧秘。無論是推進原理、材料科學，還是軌道力學，課程將以理論搭配實作的方式，幫助你全面了解知識背後的科學基礎。,臺北、臺中、高雄,1,7,N,11000,https://sec.ventures/product/space/,,SEC夏令營,,科學,https://sec.ventures/about-us/
火星移民大挑戰,2025-07-07,2025-07-11,結合機械、太空、科技等不同領域知識，提供孩子多元且全面的主題式內容，帶領他們成為能克服環境快速變化的「π型人才」。,臺北、竹北、臺中、高雄,1,7,N,11000,https://sec.ventures/product/mars/,,SEC夏令營,,科學,https://sec.ventures/about-us/
火星移民大挑戰,2025-08-04,2025-08-08,結合機械、太空、科技等不同領域知識，提供孩子多元且全面的主題式內容，帶領他們成為能克服環境快速變化的「π型人才」。,臺北、臺中、高雄,1,7,N,11000,https://sec.ventures/product/mars/,,SEC夏令營,,科學,https://sec.ventures/about-us/
火星移民大挑戰,2025-08-18,2025-08-22,結合機械、太空、科技等不同領域知識，提供孩子多元且全面的主題式內容，帶領他們成為能克服環境快速變化的「π型人才」。,竹北、臺南,1,5,N,11000,https://sec.ventures/product/mars/,,SEC夏令營,,科學,https://sec.ventures/about-us/
小小調香花藝師,2025-07-01,2025-07-04,花藝調香營隊教授模式不會讓孩子如模板般製作作品，而是講解原理、老師示範後，讓孩子結合課程所學自由從花材中挑選創作。,臺北、竹北、臺中、臺南、高雄,1,7,N,8800,https://sec.ventures/product/fragrance/,,SEC夏令營,,美學,https://sec.ventures/about-us/
小小獸醫探險家,2025-07-14,2025-07-18,課程會接觸到大量的活體動物，除了與他們玩樂互動以外，更要去認識並了解動物的心理狀態，確保動物們都是在身心健康的狀態下參與課程,臺北、竹北、臺中、臺南、高雄,1,7,N,12500,https://sec.ventures/product/reptile-bird/,,SEC夏令營,,"科學, 生物",https://sec.ventures/about-us/
小小獸醫探險家,2025-07-28,2025-08-01,課程會接觸到大量的活體動物，除了與他們玩樂互動以外，更要去認識並了解動物的心理狀態，確保動物們都是在身心健康的狀態下參與課程,臺北、竹北、臺中、臺南、高雄,1,7,N,12500,https://sec.ventures/product/reptile-bird/,,SEC夏令營,,"科學, 生物",https://sec.ventures/about-us/
小小獸醫探險家,2025-08-25,2025-08-29,課程會接觸到大量的活體動物，除了與他們玩樂互動以外，更要去認識並了解動物的心理狀態，確保動物們都是在身心健康的狀態下參與課程,臺北、竹北、臺中、高雄,1,7,N,12500,https://sec.ventures/product/reptile-bird/,,SEC夏令營,,"科學, 生物",https://sec.ventures/about-us/
獸醫探索學院中學班,2025-07-07,2025-07-09,本營隊由獸醫師編定課綱、核對教材，並委派具有獸醫背景之團隊夥伴擔任授課人員、助教，給予學員最完善的學習體驗。,臺北、臺中、高雄,7,13,N,9750,https://sec.ventures/product/vet-camp/,,SEC夏令營,,"科學, 生物",https://sec.ventures/about-us/
獸醫探索學院中學班,2025-08-18,2025-08-20,本營隊由獸醫師編定課綱、核對教材，並委派具有獸醫背景之團隊夥伴擔任授課人員、助教，給予學員最完善的學習體驗。,臺北、臺中、高雄,7,13,N,9750,https://sec.ventures/product/vet-camp/,,SEC夏令營,,"科學, 生物",https://sec.ventures/about-us/
牙醫探索學院,2025-07-03,2025-07-04,SEC 與牙醫專業合作，攜手打造由牙醫師審核的高品質口腔衛生課程，內容涵蓋兒童口腔健康的專業知識，精心設計以適應兒童的理解需求。,臺北、竹北、臺中、臺南、高雄,1,7,N,5750,https://sec.ventures/product/dentist/,,SEC夏令營,,科學,https://sec.ventures/about-us/
倉鼠掃地機器人,2025-07-21,2525-07-25,我們將潛入神奇的「仿生學」世界，向可愛的倉鼠和其他大自然高手學習設計超能力！,臺北、竹北、臺中、臺南、高雄,1,7,N,12000,https://sec.ventures/product/hamrobot/,,SEC夏令營,,"科學, 生物",https://sec.ventures/about-us/
倉鼠掃地機器人,2025-08-11,2025-08-15,我們將潛入神奇的「仿生學」世界，向可愛的倉鼠和其他大自然高手學習設計超能力！,臺北、竹北、臺中、臺南、高雄,1,7,N,12000,https://sec.ventures/product/hamrobot/,,SEC夏令營,,"科學, 生物",https://sec.ventures/about-us/
倉鼠掃地機器人,2025-08-25,2025-08-29,我們將潛入神奇的「仿生學」世界，向可愛的倉鼠和其他大自然高手學習設計超能力！,臺北、臺中、臺南、高雄,1,7,N,12000,https://sec.ventures/product/hamrobot/,,SEC夏令營,,"科學, 生物",https://sec.ventures/about-us/
寵物美容零食與玩具,2025-07-07,2025-07-11,深入探索寵物生活，打造你自己的毛孩夢工廠！這是一個專為 6–12 歲孩子設計的創業主題營隊，融合寵物營養、美容造型、玩具設計與創意零食製作，讓孩子在實作與角色扮演中化身「寵物創業達人」。,臺北、竹北、臺中、臺南、高雄,1,7,N,11500,https://sec.ventures/product/pawstartup/,,SEC夏令營,,"科學, 生物",https://sec.ventures/about-us/
寵物美容零食與玩具,2025-08-04,2025-08-08,深入探索寵物生活，打造你自己的毛孩夢工廠！這是一個專為 6–12 歲孩子設計的創業主題營隊，融合寵物營養、美容造型、玩具設計與創意零食製作，讓孩子在實作與角色扮演中化身「寵物創業達人」。,臺北、竹北、臺中、臺南、高雄,1,7,N,11500,https://sec.ventures/product/pawstartup/,,SEC夏令營,,"科學, 生物",https://sec.ventures/about-us/
寵物美容零食與玩具,2025-08-18,2025-08-22,深入探索寵物生活，打造你自己的毛孩夢工廠！這是一個專為 6–12 歲孩子設計的創業主題營隊，融合寵物營養、美容造型、玩具設計與創意零食製作，讓孩子在實作與角色扮演中化身「寵物創業達人」。,臺北、竹北、臺中、臺南、高雄,1,7,N,11500,https://sec.ventures/product/pawstartup/,,SEC夏令營,,"科學, 生物",https://sec.ventures/about-us/
建築工程大挑戰,2025-07-21,2025-07-25,準備好進入「建築工程大挑戰」的硬核世界！這不只是一般的夏令營，這是一場解鎖建築物屹立千年、直衝雲霄終極密碼的秘密任務！從挖掘大地深處的土石力量，到駕馭石材的拱券魔法；從革新木與鐵的框架結構，到掌控現代鋼筋混凝土與玻璃帷幕的飛躍；最終，我們將狂想未來材料，並打造出接受極限壓力測試的終極結構！,臺北、臺中、高雄,1,7,N,11000,https://sec.ventures/product/architech/,,SEC夏令營,,科學,https://sec.ventures/about-us/
建築工程大挑戰,2025-07-28,2025-08-01,準備好進入「建築工程大挑戰」的硬核世界！這不只是一般的夏令營，這是一場解鎖建築物屹立千年、直衝雲霄終極密碼的秘密任務！從挖掘大地深處的土石力量，到駕馭石材的拱券魔法；從革新木與鐵的框架結構，到掌控現代鋼筋混凝土與玻璃帷幕的飛躍；最終，我們將狂想未來材料，並打造出接受極限壓力測試的終極結構！,竹北十興國小,1,5,N,11000,https://sec.ventures/product/architech/,,SEC夏令營,,科學,https://sec.ventures/about-us/
建築工程大挑戰,2025-08-04,2025-08-08,準備好進入「建築工程大挑戰」的硬核世界！這不只是一般的夏令營，這是一場解鎖建築物屹立千年、直衝雲霄終極密碼的秘密任務！從挖掘大地深處的土石力量，到駕馭石材的拱券魔法；從革新木與鐵的框架結構，到掌控現代鋼筋混凝土與玻璃帷幕的飛躍；最終，我們將狂想未來材料，並打造出接受極限壓力測試的終極結構！,臺南成功大學,1,5,N,11000,https://sec.ventures/product/architech/,,SEC夏令營,,科學,https://sec.ventures/about-us/
建築工程大挑戰,2025-08-11,2025-08-15,準備好進入「建築工程大挑戰」的硬核世界！這不只是一般的夏令營，這是一場解鎖建築物屹立千年、直衝雲霄終極密碼的秘密任務！從挖掘大地深處的土石力量，到駕馭石材的拱券魔法；從革新木與鐵的框架結構，到掌控現代鋼筋混凝土與玻璃帷幕的飛躍；最終，我們將狂想未來材料，並打造出接受極限壓力測試的終極結構！,臺北、臺中、高雄,1,7,N,11000,https://sec.ventures/product/architech/,,SEC夏令營,,科學,https://sec.ventures/about-us/
活力小球星-籃足運動探索營,2025-07-07,2025-07-11,陽光、汗水、笑聲！給孩子一個活力滿滿的夏天！ 專為幼兒園大班至國小二年級設計，我們的夏令營結合最受歡迎的籃球與足球，透過遊戲化教學與科學化訓練，讓孩子在玩樂中愛上運動！我們不只教技巧，更重視團隊合作、自信建立與品格成長。專業師資、安全場地，加上營養師特製午膳與獨家兒童瑜珈伸展，全方位呵護孩子的健康。立即報名，讓您的孩子變身活力小球星！,臺中,1,3,N,9600,https://sec.ventures/product/kidsports/,,SEC夏令營,,運動,https://sec.ventures/about-us/
活力小球星-籃足運動探索營,2025-07-14,2025-07-18,陽光、汗水、笑聲！給孩子一個活力滿滿的夏天！ 專為幼兒園大班至國小二年級設計，我們的夏令營結合最受歡迎的籃球與足球，透過遊戲化教學與科學化訓練，讓孩子在玩樂中愛上運動！我們不只教技巧，更重視團隊合作、自信建立與品格成長。專業師資、安全場地，加上營養師特製午膳與獨家兒童瑜珈伸展，全方位呵護孩子的健康。立即報名，讓您的孩子變身活力小球星！,臺中,1,3,N,9600,https://sec.ventures/product/kidsports/,,SEC夏令營,,運動,https://sec.ventures/about-us/
活力小球星-籃足運動探索營,2025-08-11,2025-08-15,陽光、汗水、笑聲！給孩子一個活力滿滿的夏天！ 專為幼兒園大班至國小二年級設計，我們的夏令營結合最受歡迎的籃球與足球，透過遊戲化教學與科學化訓練，讓孩子在玩樂中愛上運動！我們不只教技巧，更重視團隊合作、自信建立與品格成長。專業師資、安全場地，加上營養師特製午膳與獨家兒童瑜珈伸展，全方位呵護孩子的健康。立即報名，讓您的孩子變身活力小球星！,臺中,1,3,N,9600,https://sec.ventures/product/kidsports/,,SEC夏令營,,運動,https://sec.ventures/about-us/
航天與飛行科技夏令營,2025-07-14,2025-07-18,天空的奧秘等你探索！今年夏天，加⼊⾶⾏夢⼯廠，從零開始，⼀步步成為⼩⼩航空創客！在這裡，我們不只仰望天空，更要親⼿創造⾶⾏的奇蹟！從傳統⾵箏 到⾃製滑翔機，從達⽂西的夢想到萊特兄弟的實現，你將動⼿設計、組裝、測試、改造各式各樣的⾶⾏器。準備好點燃引擎，和我們⼀起學習⾶⾏的科學、體驗 創造的樂趣，在藍天中劃下屬於你的⾶⾏軌跡！,臺北、臺中、高雄,4,7,N,11000,https://sec.ventures/product/air/,,SEC夏令營,,科學,https://sec.ventures/about-us/
航天與飛行科技夏令營,2025-07-21,2025-07-25,天空的奧秘等你探索！今年夏天，加⼊⾶⾏夢⼯廠，從零開始，⼀步步成為⼩⼩航空創客！在這裡，我們不只仰望天空，更要親⼿創造⾶⾏的奇蹟！從傳統⾵箏 到⾃製滑翔機，從達⽂西的夢想到萊特兄弟的實現，你將動⼿設計、組裝、測試、改造各式各樣的⾶⾏器。準備好點燃引擎，和我們⼀起學習⾶⾏的科學、體驗 創造的樂趣，在藍天中劃下屬於你的⾶⾏軌跡！,竹北、臺南,4,7,N,11000,https://sec.ventures/product/air/,,SEC夏令營,,科學,https://sec.ventures/about-us/
航天與飛行科技夏令營,2025-08-11,2025-08-15,天空的奧秘等你探索！今年夏天，加⼊⾶⾏夢⼯廠，從零開始，⼀步步成為⼩⼩航空創客！在這裡，我們不只仰望天空，更要親⼿創造⾶⾏的奇蹟！從傳統⾵箏 到⾃製滑翔機，從達⽂西的夢想到萊特兄弟的實現，你將動⼿設計、組裝、測試、改造各式各樣的⾶⾏器。準備好點燃引擎，和我們⼀起學習⾶⾏的科學、體驗 創造的樂趣，在藍天中劃下屬於你的⾶⾏軌跡！,臺北、臺中、高雄,4,7,N,11000,https://sec.ventures/product/air/,,SEC夏令營,,科學,https://sec.ventures/about-us/
菁英籃球戰術營：五日技能進化,2025-06-23,2025-06-27,挑戰極限，制霸球場！專為國小三年級至國小六年級畢業生設計的進階籃球營！,臺中,4,7,N,9600,https://sec.ventures/product/elebasketball/,,SEC夏令營,,運動,https://sec.ventures/about-us/
菁英籃球戰術營：五日技能進化,2025-07-07,2025-07-11,挑戰極限，制霸球場！專為國小三年級至國小六年級畢業生設計的進階籃球營！,臺中,4,7,N,9600,https://sec.ventures/product/elebasketball/,,SEC夏令營,,運動,https://sec.ventures/about-us/
菁英籃球戰術營：五日技能進化,2025-07-14,2025-07-18,挑戰極限，制霸球場！專為國小三年級至國小六年級畢業生設計的進階籃球營！,臺中,4,7,N,9600,https://sec.ventures/product/elebasketball/,,SEC夏令營,,運動,https://sec.ventures/about-us/
菁英籃球戰術營：五日技能進化,2025-08-04,2025-08-08,挑戰極限，制霸球場！專為國小三年級至國小六年級畢業生設計的進階籃球營！,臺中,4,7,N,9600,https://sec.ventures/product/elebasketball/,,SEC夏令營,,運動,https://sec.ventures/about-us/
小小車神培訓班,2025-07-07,2025-07-11,點燃引擎，釋放速度與激情！ 今年夏天，變身賽車工程師兼王牌車手，加入「疾速先鋒」積木遙控賽車營！在這裡，你將從零開始，親手組裝、調校、甚至爆改專屬於你的積木遙控賽車。我們不只玩車，更要學習引擎與馬達的奧秘、探索能源的秘密、認識酷炫的賽車文化！你將和隊友一起設計搭建充滿跳台、隧道、急彎的極限賽道，並在緊張刺激的個人挑戰賽與團隊接力賽中，不斷提升你的操控技巧與應變能力！準備好迎接挑戰，在速度與智慧的碰撞中，實現你的賽道夢想了嗎？,臺北、臺中、高雄,1,7,N,11500,https://sec.ventures/product/cars/,,SEC夏令營,,科學,https://sec.ventures/about-us/
小小車神培訓班,2025-07-14,2025-07-18,點燃引擎，釋放速度與激情！ 今年夏天，變身賽車工程師兼王牌車手，加入「疾速先鋒」積木遙控賽車營！在這裡，你將從零開始，親手組裝、調校、甚至爆改專屬於你的積木遙控賽車。我們不只玩車，更要學習引擎與馬達的奧秘、探索能源的秘密、認識酷炫的賽車文化！你將和隊友一起設計搭建充滿跳台、隧道、急彎的極限賽道，並在緊張刺激的個人挑戰賽與團隊接力賽中，不斷提升你的操控技巧與應變能力！準備好迎接挑戰，在速度與智慧的碰撞中，實現你的賽道夢想了嗎？,臺南成功大學,1,5,N,11500,https://sec.ventures/product/cars/,,SEC夏令營,,科學,https://sec.ventures/about-us/
小小車神培訓班,2025-07-28,2025-08-01,點燃引擎，釋放速度與激情！ 今年夏天，變身賽車工程師兼王牌車手，加入「疾速先鋒」積木遙控賽車營！在這裡，你將從零開始，親手組裝、調校、甚至爆改專屬於你的積木遙控賽車。我們不只玩車，更要學習引擎與馬達的奧秘、探索能源的秘密、認識酷炫的賽車文化！你將和隊友一起設計搭建充滿跳台、隧道、急彎的極限賽道，並在緊張刺激的個人挑戰賽與團隊接力賽中，不斷提升你的操控技巧與應變能力！準備好迎接挑戰，在速度與智慧的碰撞中，實現你的賽道夢想了嗎？,臺北、臺中、高雄,1,7,N,11500,https://sec.ventures/product/cars/,,SEC夏令營,,科學,https://sec.ventures/about-us/
小小車神培訓班,2025-08-04,2025-08-08,點燃引擎，釋放速度與激情！ 今年夏天，變身賽車工程師兼王牌車手，加入「疾速先鋒」積木遙控賽車營！在這裡，你將從零開始，親手組裝、調校、甚至爆改專屬於你的積木遙控賽車。我們不只玩車，更要學習引擎與馬達的奧秘、探索能源的秘密、認識酷炫的賽車文化！你將和隊友一起設計搭建充滿跳台、隧道、急彎的極限賽道，並在緊張刺激的個人挑戰賽與團隊接力賽中，不斷提升你的操控技巧與應變能力！準備好迎接挑戰，在速度與智慧的碰撞中，實現你的賽道夢想了嗎？,竹北十興國小,1,5,N,11500,https://sec.ventures/product/cars/,,SEC夏令營,,科學,https://sec.ventures/about-us/
小小車神培訓班,2025-08-11,2025-08-15,點燃引擎，釋放速度與激情！ 今年夏天，變身賽車工程師兼王牌車手，加入「疾速先鋒」積木遙控賽車營！在這裡，你將從零開始，親手組裝、調校、甚至爆改專屬於你的積木遙控賽車。我們不只玩車，更要學習引擎與馬達的奧秘、探索能源的秘密、認識酷炫的賽車文化！你將和隊友一起設計搭建充滿跳台、隧道、急彎的極限賽道，並在緊張刺激的個人挑戰賽與團隊接力賽中，不斷提升你的操控技巧與應變能力！準備好迎接挑戰，在速度與智慧的碰撞中，實現你的賽道夢想了嗎？,臺南成功大學,1,5,N,11500,https://sec.ventures/product/cars/,,SEC夏令營,,科學,https://sec.ventures/about-us/
小小車神培訓班,2025-08-18,2025-08-22,點燃引擎，釋放速度與激情！ 今年夏天，變身賽車工程師兼王牌車手，加入「疾速先鋒」積木遙控賽車營！在這裡，你將從零開始，親手組裝、調校、甚至爆改專屬於你的積木遙控賽車。我們不只玩車，更要學習引擎與馬達的奧秘、探索能源的秘密、認識酷炫的賽車文化！你將和隊友一起設計搭建充滿跳台、隧道、急彎的極限賽道，並在緊張刺激的個人挑戰賽與團隊接力賽中，不斷提升你的操控技巧與應變能力！準備好迎接挑戰，在速度與智慧的碰撞中，實現你的賽道夢想了嗎？,臺北、臺中、高雄,1,7,N,11500,https://sec.ventures/product/cars/,,SEC夏令營,,科學,https://sec.ventures/about-us/
夏威夷薩摩亞小勇士 ✨ 夢田冒險挑戰營,2025-07-18,2025-07-20,相信如果看過迪士尼動畫＂海洋奇緣Moana＂，定能被其中夏威夷動感十足的原住民音樂，和舞蹈深深吸引，全身忍不住手舞足蹈地舞動起來呢！今年夏天，夢田自然園很榮幸邀請到～長期耕耘並致力推廣夏威夷呼拉舞Hula Dance，數十年之久的在地藝術家～戴娣老師。,桃園市中壢區環中東路與永福路交接口附近,2,6,N,"$5900 /人；早鳥價 $5,500（至 2025/06/30 中午 12:00 前）",https://docs.google.com/forms/d/e/1FAIpQLSciAGRIHabaG0FP4lSLEZz3pPxvLIaRjVnKvJRalMYLkfX1SA/viewform,,夢田自然園,,戶外,https://www.facebook.com/dreamtobetrue/posts/pfbid0q9RJcwW2spDRTZ1hu7FhrMGz9rEose4gd7EhksDQJaoPx4NYMwuAoqavCMoptVhJl?locale=zh_TW
大王里山自給自足生活營隊(第二梯),2025-07-09,2025-07-13,大王要帶孩子，學會用一種極簡的類樂高的工法，建築碼頭的基礎結構，穩固地深深地紮入湖底、遠遠地伸向湖面。在這獨特的基礎上，用木工建造起一座長長的木棧平台。,花蓮壽豐和平村,5,12,Y,22900 / 人,https://docs.google.com/forms/d/e/1FAIpQLSc6bxevDJWc7vlXcWaX4dvFKd2b10l32E18I7XTw2a1UaYOSA/viewform,N,大王菜鋪子,2,戶外,https://www.facebook.com/buylocal.tw/posts/pfbid02WqCu78VeEsLtKucXEssARsXMJ1bdbKKae5PwfdryHtbuY3LGo943RQPij6av8f1l?locale=zh_TW
大王里山自給自足生活營隊(第四梯),2025-07-30,2025-08-03,大王要帶孩子，學會用一種極簡的類樂高的工法，建築碼頭的基礎結構，穩固地深深地紮入湖底、遠遠地伸向湖面。在這獨特的基礎上，用木工建造起一座長長的木棧平台。,花蓮壽豐和平村,5,12,Y,22900 / 人,https://docs.google.com/forms/d/e/1FAIpQLSc6bxevDJWc7vlXcWaX4dvFKd2b10l32E18I7XTw2a1UaYOSA/viewform,N,大王菜鋪子,4,戶外,https://www.facebook.com/buylocal.tw/posts/pfbid02WqCu78VeEsLtKucXEssARsXMJ1bdbKKae5PwfdryHtbuY3LGo943RQPij6av8f1l?locale=zh_TW